feature,mean_importance
density scaled,0.004643393897018166
chlorides scaled,0.02902909035672374
sulphates scaled,0.07993145761014742
fixed acidity scaled,0.08008420220911876
volatile acidity scaled,0.25152681218380735
