feature,mean_importance
sulphates scaled,0.02556256231279082
volatile acidity scaled,0.07828462378368764
fixed acidity scaled,0.10004647320754287
density scaled,0.11953672916135064
chlorides scaled,0.5474982225874809
